R-Square,DW,MAPE
81.90418626054765,1.3080902169514708,3.547073054118975
